[
  {
    "name": "Ольга",
    "surname": "Попова",
    "birth_year": 2011,


    "photo": [
      "https://instagram.com/photo1.png",
      "https://instagram.com/photo2.png"
    ],
    "description": "Here is a short description",
    "likes": 5,
    "reposts": 1,
    "place": "Bali, Kuta, Ardenia 19",
    "music": null,
    "tags": [
      "dimoka777",
      "nazik",
      "isaevaazika"
    ]
  },
  {
    "name": "Мария",
    "surname": "Морозов",
    "birth_year": 1981
  },
  {
    "name": "Иван",
    "surname": "Смирнов",
    "birth_year": 1984
  },
  {
    "name": "Мария",
    "surname": "Кузнецов",
    "birth_year": 2005
  },
  {
    "name": "Александр",
    "surname": "Попов",
    "birth_year": 1972
  },
  {
    "name": "Ольга",
    "surname": "Соколов",
    "birth_year": 1985
  },
  {
    "name": "Павел",
    "surname": "Петров",
    "birth_year": 1984
  },
  {
    "name": "Сергей",
    "surname": "Сидоров",
    "birth_year": 2014
  },
  {
    "name": "Наталья",
    "surname": "Попов",
    "birth_year": 1990
  },
  {
    "name": "Наталья",
    "surname": "Иванов",
    "birth_year": 1979
  },
  {
    "name": "Дмитрий",
    "surname": "Волков",
    "birth_year": 1982
  },
  {
    "name": "Анна",
    "surname": "Иванов",
    "birth_year": 1978
  },
  {
    "name": "Ольга",
    "surname": "Морозов",
    "birth_year": 2003
  },
  {
    "name": "Елена",
    "surname": "Попов",
    "birth_year": 1987
  },
  {
    "name": "Анна",
    "surname": "Петров",
    "birth_year": 1989
  },
  {
    "name": "Ольга",
    "surname": "Кузнецов",
    "birth_year": 1976
  },
  {
    "name": "Сергей",
    "surname": "Новиков",
    "birth_year": 1992
  },
  {
    "name": "Павел",
    "surname": "Новиков",
    "birth_year": 1998
  },
  {
    "name": "Мария",
    "surname": "Новиков",
    "birth_year": 2002
  },
  {
    "name": "Дмитрий",
    "surname": "Кузнецов",
    "birth_year": 1971
  },
  {
    "name": "Сергей",
    "surname": "Морозов",
    "birth_year": 1997
  },
  {
    "name": "Иван",
    "surname": "Петров",
    "birth_year": 1996
  },
  {
    "name": "Елена",
    "surname": "Кузнецов",
    "birth_year": 1970
  },
  {
    "name": "Дмитрий",
    "surname": "Кузнецов",
    "birth_year": 1999
  },
  {
    "name": "Мария",
    "surname": "Соколов",
    "birth_year": 1973
  },
  {
    "name": "Елена",
    "surname": "Кузнецов",
    "birth_year": 1972
  },
  {
    "name": "Елена",
    "surname": "Смирнов",
    "birth_year": 2009
  },
  {
    "name": "Наталья",
    "surname": "Соколов",
    "birth_year": 1970
  },
  {
    "name": "Ольга",
    "surname": "Смирнов",
    "birth_year": 1995
  },
  {
    "name": "Анна",
    "surname": "Соколов",
    "birth_year": 1999
  },
  {
    "name": "Ольга",
    "surname": "Смирнов",
    "birth_year": 2003
  },
  {
    "name": "Иван",
    "surname": "Иванов",
    "birth_year": 1985
  },
  {
    "name": "Мария",
    "surname": "Соколов",
    "birth_year": 1981
  },
  {
    "name": "Сергей",
    "surname": "Смирнов",
    "birth_year": 1970
  },
  {
    "name": "Наталья",
    "surname": "Кузнецов",
    "birth_year": 1977
  },
  {
    "name": "Иван",
    "surname": "Попов",
    "birth_year": 1977
  },
  {
    "name": "Наталья",
    "surname": "Кузнецов",
    "birth_year": 1984
  },
  {
    "name": "Ольга",
    "surname": "Соколов",
    "birth_year": 1980
  },
  {
    "name": "Сергей",
    "surname": "Морозов",
    "birth_year": 1994
  },
  {
    "name": "Мария",
    "surname": "Соколов",
    "birth_year": 1995
  },
  {
    "name": "Александр",
    "surname": "Попов",
    "birth_year": 1974
  },
  {
    "name": "Анна",
    "surname": "Кузнецов",
    "birth_year": 1995
  },
  {
    "name": "Павел",
    "surname": "Волков",
    "birth_year": 2015
  },
  {
    "name": "Елена",
    "surname": "Соколов",
    "birth_year": 1976
  },
  {
    "name": "Сергей",
    "surname": "Новиков",
    "birth_year": 2003
  },
  {
    "name": "Анна",
    "surname": "Иванов",
    "birth_year": 2014
  },
  {
    "name": "Александр",
    "surname": "Соколов",
    "birth_year": 2002
  },
  {
    "name": "Павел",
    "surname": "Смирнов",
    "birth_year": 1986
  },
  {
    "name": "Павел",
    "surname": "Сидоров",
    "birth_year": 1999
  },
  {
    "name": "Дмитрий",
    "surname": "Волков",
    "birth_year": 2012
  }
]